TF	miRNA
AGO2	miR-155
AHR	miR-106b
AHR	miR-132
AHR	miR-132
AHR	miR-212
AHR	miR-212
AHR	miR-25
AHR	miR-93
AKT1	let-7e
AKT1	miR-125b
AKT1	miR-155
AKT1	miR-181c
AKT1	miR-22
AKT2	miR-200a
AKT2	miR-200b
AKT2	miR-200c
AKT2	miR-22
AKT3	miR-22
AML1	miR-223
AP-1	miR-101-2
AP-1	miR-155
AP-1	miR-199a-2
AP-1	miR-203
AP-1	miR-206
AP-1	miR-21
AP-1	miR-21
AP-1	miR-21
AP-1	miR-21
AP-1	miR-24-1
AP-1	miR-27b
AP-1	miR-29a
AP-1	miR-29b-1
AP-1	miR-30a
AP-1	miR-34c
AP-1	miR-378
APEX1	miR-125b-2
APEX1	miR-133b
AR	let-7a
AR	let-7c
AR	miR-1-2
AR	miR-101
AR	miR-125b-2
AR	miR-125b-2
AR	miR-125b-2
AR	miR-133b
AR	miR-133b
AR	miR-145
AR	miR-17
AR	miR-182
AR	miR-18a
AR	miR-190a
AR	miR-19a
AR	miR-19a
AR	miR-19b-1
AR	miR-20a
AR	miR-21
AR	miR-216a
AR	miR-27a
AR	miR-32
AR	miR-539
AR	miR-92a-1
AR	miR-99a
ARNT	miR-101
ARNT	miR-106b
ARNT	miR-25
ARNT	miR-93
ASCL2	miR-141
ASCL2	miR-200a
ASCL2	miR-200b
ASCL2	miR-200c
ASCL2	miR-429
ASH1L	miR-375
ATF3	miR-199a-2
ATF3	miR-590
ATF4	miR-106b
ATF4	miR-25
ATF4	miR-93
ATOH8	miR-126
ATOH8	miR-221
BANP	miR-221
BANP	miR-222
BCL2L2	miR-29c
BCL6	miR-155
BCL6	miR-361
BCLAF1	miR-218
BCR	miR-155
BMI1	let-7i
BMI1	miR-141
BMI1	miR-200c
BMI1	miR-31
BMP2	miR-24-1
BMP2	miR-31
BMP4	miR-145
BMP4	miR-200a
BMP4	miR-200b
BMP4	miR-200c
BMP4	miR-205
BMP6	miR-21
BMPR1A	miR-17
BMPR1A	miR-18a
BMPR1A	miR-19a
BMPR1A	miR-19b-1
BMPR1A	miR-20a
BMPR1A	miR-21
BMPR1A	miR-92a-1
BMPR1B	miR-21
BRCA1	miR-146a
BRCA1	miR-146a
BRCA1	miR-146a
BRCA1	miR-146b
BRCA1	miR-148
BRCA1	miR-152
BRCA1	miR-155
BRCA1	miR-155
BRCA1	miR-155
BRCA1	miR-205
BRCA1	miR-593
BRCA1	miR-99b
BRD4	miR-146a
BRD4	miR-155
BRD7	miR-141
CAMP	miR-155
CBFB	miR-221
CBX7	miR-9-1
CBX7	miR-9-2
CCND1	miR-17
CCND1	miR-17
CCND1	miR-18a
CCND1	miR-19a
CCND1	miR-19b-1
CCND1	miR-20a
CCND1	miR-20a
CCND1	miR-92a-1
CDK	miR-449a
CDK	miR-449b
CDK4	miR-141
CDK4	miR-146b
CDKN1A	miR-182
CDKN1A	miR-183
CDKN1A	miR-96
CDKN2A	miR-141
CDKN2A	miR-146b
CDKN2A	miR-410
CDX1	miR-215
CDX2	miR-30-5p
CDX2	miR-23
CEBPA	let-7a-1
CEBPA	let-7a-2
CEBPA	miR-1
CEBPA	miR-100
CEBPA	miR-101-2
CEBPA	miR-122
CEBPA	miR-122
CEBPA	miR-125b-1
CEBPA	miR-134
CEBPA	miR-181a
CEBPA	miR-182
CEBPA	miR-223
CEBPA	miR-223
CEBPA	miR-223
CEBPA	miR-26a
CEBPA	miR-29a
CEBPA	miR-29b
CEBPA	miR-30c-1
CEBPA	miR-30c-2
CEBPA	miR-34a
CEBPA	miR-34a
CEBPB	miR-143
CEBPB	miR-143
CEBPB	miR-143
CEBPB	miR-145
CEBPB	miR-146b
CEBPB	miR-17
CEBPB	miR-181c
CEBPB	miR-18a
CEBPB	miR-198
CEBPB	miR-19a
CEBPB	miR-19b-1
CEBPB	miR-203
CEBPB	miR-20a
CEBPB	miR-223
CEBPB	miR-31
CEBPB	miR-424
CEBPB	miR-503
CEBPB	miR-542
CEBPB	miR-92a-1
CEBPD	miR-135a
CEBPD	miR-193b
CFTR	miR-193b
CREB1	miR-10
CREB1	miR-132
CREB1	miR-132
CREB1	miR-132
CREB1	miR-132
CREB1	miR-132
CREB1	miR-132
CREB1	miR-132
CREB1	miR-148a
CREB1	miR-15b
CREB1	miR-21
CREB1	miR-212
CREB1	miR-212
CREB1	miR-212
CREB1	miR-205
CREB1	miR-302a
CREB1	miR-320a
CREB1	miR-335
CREB1	miR-373
CREB1	miR-630
CREB1	miR-9-1
CREB1	miR-9-1
CREB1	miR-9-2
CREBBP	miR-21
CREBBP	miR-21
CTCF	miR-125b-1
CTCF	miR-290
CTCF	miR-291a
CTCF	miR-291b
CTCF	miR-292
CTCF	miR-293
CTCF	miR-294
CTCF	miR-295
CTCF	miR-375
CTCF	miR-375
CTGF	miR-302
CTNNB1	miR-124-1
CTNNB1	miR-124-2
CTNNB1	miR-124-3
CTNNB1	miR-146a
CTNNB1	miR-150
CTNNB1	miR-182
CTNNB1	miR-182
CTNNB1	miR-182
CTNNB1	miR-182
CTNNB1	miR-183
CTNNB1	miR-183
CTNNB1	miR-199a
CTNNB1	miR-203
CTNNB1	miR-30e
CTNNB1	miR-34a
CTNNB1	miR-371
CTNNB1	miR-372
CTNNB1	miR-373
CTNNB1	miR-770
CTNNB1	miR-96
CTNNB1	miR-96
CUX1	miR-214
CXADR	miR-122
DDIT3	miR-708
DDX5	miR-182
DDX5	miR-21
DDX53	miR-200b
DDX6	miR-143
DDX6	miR-145
DEC1	miR-205
DLX5	miR-9-3
DNMT1	miR-142
DNMT1	miR-148a
DNMT1	miR-148a
DNMT1	miR-150
DNMT1	miR-152
DNMT1	miR-184
DNMT1	miR-200a
DNMT1	miR-200b
DNMT1	miR-218
DNMT1	miR-23b
DNMT1	miR-27b
DNMT1	miR-296
DNMT1	miR-30a
DNMT1	miR-30c
DNMT1	miR-429
DNMT3A	let-7b
DNMT3A	miR-124
DNMT3A	miR-29a
DNMT3A	miR-29b
DNMT3A	miR-29b-1
DNMT3B	miR-217
DNMT3B	miR-29a
DNMT3B	miR-29b
DNMT3B	miR-29b-1
DOK7	miR-495
DPF2	miR-223
DTX1	miR-21
E2F1	let-7a
E2F1	let-7i
E2F1	miR-106a
E2F1	miR-106b
E2F1	miR-106b
E2F1	miR-15a
E2F1	miR-15a
E2F1	miR-15a
E2F1	miR-15b
E2F1	miR-15b
E2F1	miR-16
E2F1	miR-16
E2F1	miR-16-1
E2F1	miR-16-2
E2F1	miR-17
E2F1	miR-17
E2F1	miR-17
E2F1	miR-184
E2F1	miR-18a
E2F1	miR-18a
E2F1	miR-18b
E2F1	miR-195
E2F1	miR-19a
E2F1	miR-19a
E2F1	miR-19b
E2F1	miR-19b-1
E2F1	miR-19b-2
E2F1	miR-23b
E2F1	miR-203
E2F1	miR-20a
E2F1	miR-20a
E2F1	miR-20b
E2F1	miR-223
E2F1	miR-224
E2F1	miR-23
E2F1	miR-24-1
E2F1	miR-25
E2F1	miR-25
E2F1	miR-27b
E2F1	miR-27b
E2F1	miR-29a
E2F1	miR-34c
E2F1	miR-363
E2F1	miR-4496
E2F1	miR-449a
E2F1	miR-449a
E2F1	miR-449b
E2F1	miR-449b
E2F1	miR-486
E2F1	miR-452
E2F1	miR-519d
E2F1	miR-7
E2F1	miR-7
E2F1	miR-92a
E2F1	miR-92a
E2F1	miR-92a-1
E2F1	miR-92a-2
E2F1	miR-93
E2F2	miR-17
E2F2	miR-18a
E2F2	miR-19a
E2F2	miR-19b-1
E2F2	miR-20a
E2F2	miR-25
E2F2	miR-92a
E2F2	miR-92a-1
E2F3	let-7a
E2F3	let-7i
E2F3	miR-106b
E2F3	miR-15a
E2F3	miR-15b
E2F3	miR-16
E2F3	miR-17
E2F3	miR-18a
E2F3	miR-195
E2F3	miR-19a
E2F3	miR-19b-1
E2F3	miR-200b
E2F3	miR-20a
E2F3	miR-25
E2F3	miR-26a
E2F3	miR-27b
E2F3	miR-34a
E2F3	miR-7
E2F3	miR-92a
E2F3	miR-92a-1
E2F6	miR-193a
E2F7	miR-15a
E2F7	miR-16
E2F7	miR-25
E2F7	miR-26a
E2F7	miR-27b
E2F7	miR-7
E2F7	miR-92a
EED	miR-141
EED	miR-146a
EED	miR-155
EED	miR-200a
EED	miR-200b
EED	miR-200c
EED	miR-429
EGFR	miR-1
EGFR	miR-1-1
EGFR	miR-21
EGFR	miR-96
EGR1	let-7e
EGR1	miR-106a
EGR1	miR-10a
EGR1	miR-124
EGR1	miR-124-3
EGR1	miR-125a
EGR1	miR-125a
EGR1	miR-130b
EGR1	miR-132
EGR1	miR-142
EGR1	miR-146b
EGR1	miR-148a
EGR1	miR-148a
EGR1	miR-149
EGR1	miR-152
EGR1	miR-152
EGR1	miR-181c
EGR1	miR-181d
EGR1	miR-183
EGR1	miR-185
EGR1	miR-191
EGR1	miR-199a-2
EGR1	miR-200b
EGR1	miR-20b
EGR1	miR-212
EGR1	miR-214
EGR1	miR-219a-2
EGR1	miR-23a
EGR1	miR-24-2
EGR1	miR-27a
EGR1	miR-301b
EGR1	miR-30a
EGR1	miR-30c-1
EGR1	miR-30c-2
EGR1	miR-30e
EGR1	miR-32
EGR1	miR-335
EGR1	miR-425
EGR1	miR-455
EGR1	miR-596
EGR1	miR-642a
EGR1	miR-675
EGR1	miR-92b
EGR1	miR-96
EGR1	miR-99b
EGR2	miR-142
EGR3	miR-146a
EGR3	miR-146b
EGR3	miR-195
EGR3	miR-195
EHF	let-7b
EHF	miR-424
EHMT2	let-7b
EHMT2	miR-200c
EIF2C2	let-7a
EIF2C2	let-7b
EIF2C2	let-7c
EIF2C2	let-7d
EIF2C2	let-7e
EIF2C2	let-7f
EIF2C2	let-7g
EIF2C2	let-7i
EIF2C2	miR-142
EIF2C2	miR-150
EIF2C2	miR-451
ELK1	miR-144
ELK1	miR-17
ELK1	miR-18a
ELK1	miR-19a
ELK1	miR-19b-1
ELK1	miR-200b
ELK1	miR-20a
ELK1	miR-210
ELK1	miR-31
ELK1	miR-34a
ELK1	miR-92a-1
ELK3	miR-155
EMSY	miR-31
EMSY	miR-31
EMX2	miR-181a-1
EMX2	miR-181a-2
EMX2	miR-181b-1
EMX2	miR-181b-2
EP300	miR-141
EP300	miR-150
EP300	miR-200c
EP300	miR-21
EP300	miR-21
EPAS1	miR-146a
EPAS1	miR-181c
EPAS1	miR-191
EPAS1	miR-210
EPAS1	miR-210
EPAS1	miR-23a
EPAS1	miR-24
EPAS1	miR-24-2
EPAS1	miR-26
EPAS1	miR-27a
EPAS1	miR-29b-2
EPAS1	miR-29c
EPAS1	miR-302
EPAS1	miR-30b
EPAS1	miR-30d
ERG	miR-200c
ERK1/2	miR-494
ESR1	let-7c
ESR1	miR-106a
ESR1	miR-125b
ESR1	miR-140
ESR1	miR-143
ESR1	miR-145
ESR1	miR-17
ESR1	miR-181a-1
ESR1	miR-181b-1
ESR1	miR-18a
ESR1	miR-18b
ESR1	miR-191
ESR1	miR-19a
ESR1	miR-19b
ESR1	miR-19b-2
ESR1	miR-20a
ESR1	miR-20b
ESR1	miR-21
ESR1	miR-21
ESR1	miR-22
ESR1	miR-22
ESR1	miR-221
ESR1	miR-222
ESR1	miR-363
ESR1	miR-425
ESR1	miR-497
ESR1	miR-7
ESR1	miR-92a
ESR1	miR-92a-2
ESR1	miR-99a
ESR2	miR-23b
ESR2	miR-24-1
ESR2	miR-27b
ESR2	miR-30a
ESR2	miR-7
ETS1	miR-126
ETS1	miR-146a
ETS1	miR-155
ETS1	miR-16
ETS1	miR-181b
ETS1	miR-181c
ETS1	miR-182
ETS1	miR-183
ETS1	miR-192
ETS1	miR-21
ETS1	miR-21
ETS1	miR-222
ETS1	miR-222
ETS1	miR-301
ETS1	miR-31
ETS1	miR-31
ETS1	miR-320a
ETS1	miR-96
ETS2	miR-155
ETS2	miR-196b
ETV4	miR-125a
ETV4	miR-200b
ETV5	miR-21
ETV6/RUNX1	miR-181a-1
EZH2	let-7c
EZH2	miR-1
EZH2	miR-101
EZH2	miR-101
EZH2	miR-101
EZH2	miR-101-1
EZH2	miR-101-1
EZH2	miR-125b
EZH2	miR-129-2
EZH2	miR-137
EZH2	miR-139
EZH2	miR-141
EZH2	miR-141
EZH2	miR-143
EZH2	miR-146a
EZH2	miR-155
EZH2	miR-181b
EZH2	miR-200a
EZH2	miR-200a
EZH2	miR-200a
EZH2	miR-200b
EZH2	miR-200b
EZH2	miR-200b
EZH2	miR-200b
EZH2	miR-200b
EZH2	miR-200c
EZH2	miR-200c
EZH2	miR-200c
EZH2	miR-217
EZH2	miR-218
EZH2	miR-218-1
EZH2	miR-23a
EZH2	miR-26a-1
EZH2	miR-26a-1
EZH2	miR-26a-2
EZH2	miR-26a-2
EZH2	miR-27a
EZH2	miR-30a
EZH2	miR-30b
EZH2	miR-30d
EZH2	miR-30d
EZH2	miR-31
EZH2	miR-31
EZH2	miR-31
EZH2	miR-31
EZH2	miR-34a
EZH2	miR-34a
EZH2	miR-429
EZH2	miR-429
EZH2	miR-429
EZH2	miR-568
EZH2	miR-622
EZH2	miR-9-1
EZH2	miR-9-2
F2	miR-222
FGF21	miR-33a
FGF21	miR-33b
FLI1	let-7a
FOS	miR-21
FOS	miR-21
FOS	miR-23a
FOS	miR-31
FOS	miR-34a
FOSB	miR-155
FOSB	miR-22
FOSL1	miR-134
FOSL1	miR-221
FOSL1	miR-221
FOSL1	miR-222
FOXA2	miR-122
FOXA2	miR-29a
FOXA2	miR-29b-1
FOXA2	miR-29b-2
FOXA2	miR-29c
FOXD3	miR-137
FOXD3	miR-214
FOXD3	miR-496
FOXF2	miR-200a
FOXF2	miR-200b
FOXF2	miR-429
FOXJ1	miR-449a
FOXM1	miR-135b
FOXM1	miR-141
FOXM1	miR-200a
FOXM1	miR-200b
FOXM1	miR-200c
FOXM1	miR-429
FOXO1	miR-145
FOXO1	miR-491
FOXO3	let-7b
FOXO3	let-7c
FOXO3	miR-1
FOXO3	miR-21
FOXO3	miR-30d
FOXO3	miR-34a
FOXO3	miR-34b
FOXO3	miR-34c
FOXO3	miR-622
FOXP3	miR-142
FOXP3	miR-146a
FOXP3	miR-146b
FOXP3	miR-155
FOXP3	miR-155
FOXP3	miR-155
FOXP3	miR-155
FOXP3	miR-183
FOXP3	miR-7
FSH	let-7a
FSH	miR-143
FSH	miR-15b
FUS	miR-141
FUS	miR-200a
GATA1	miR-138-2
GATA1	miR-144
GATA1	miR-146b
GATA1	miR-148a
GATA1	miR-196b
GATA1	miR-23a
GATA1	miR-23a
GATA1	miR-24-2
GATA1	miR-27a
GATA1	miR-361
GATA1	miR-431
GATA1	miR-451
GATA1	miR-889
GATA2	miR-126
GATA2	miR-148a
GATA2	miR-194
GATA2	miR-221
GATA2	miR-23a
GATA2	miR-24-2
GATA2	miR-27a
GATA2	miR-30c
GATA2	miR-30e
GATA2	miR-31
GATA3	miR-125a
GATA3	miR-138-1
GATA3	miR-138-2
GATA3	miR-200a
GATA3	miR-200b
GATA3	miR-200c
GATA3	miR-29b
GATA4	miR-144
GATA4	miR-451
GATA6	miR-30d
GATA6	miR-30e
GFI1	miR-196b
GFI1	miR-21
GLI1	miR-29a
GLI1	miR-29b-1
GNRH1	miR-132
GNRH1	miR-212
GRHL2	miR-141
GRHL2	miR-200a
GRHL2	miR-200a
GRHL2	miR-200b
GRHL2	miR-200b
GRHL2	miR-200c
GRHL2	miR-203a
GRHL2	miR-429
GRHL2	miR-429
GRHL3	miR-21
HDAC1	miR-124
HDAC1	miR-146a
HDAC1	miR-200a
HDAC1	miR-200b
HDAC1	miR-200b
HDAC1	miR-34a
HDAC1	miR-424
HDAC1	miR-429
HDAC1	miR-503
HDAC2	miR-130a
HDAC2	miR-141
HDAC2	miR-155
HDAC2	miR-182
HDAC2	miR-183
HDAC2	miR-200a
HDAC2	miR-200b
HDAC2	miR-200b
HDAC2	miR-200c
HDAC2	miR-200c
HDAC2	miR-424
HDAC2	miR-429
HDAC2	miR-503
HDAC2	miR-96
HDAC3	miR-181a-1
HDAC3	miR-195
HDAC3	miR-30d
HDAC3	miR-31
HDAC3	miR-96
HDAC4	miR-155
HDAC4	miR-185
HDAC4	miR-200a
HDAC4	miR-200a
HDAC4	miR-200b
HDAC4	miR-29a
HDAC4	miR-29b-1
HDAC4	miR-29c
HDAC4	miR-34a
HDAC4	miR-429
HDAC9	miR-376a
HES1	miR-17
HES1	miR-18a
HES1	miR-19a
HES1	miR-19b-1
HES1	miR-205
HES1	miR-20a
HES1	miR-92a-1
HES5	miR-342
HEY1	miR-223
HIF1A	let-7a
HIF1A	let-7e
HIF1A	miR-101
HIF1A	miR-103
HIF1A	miR-103
HIF1A	miR-107
HIF1A	miR-126
HIF1A	miR-127
HIF1A	miR-1271
HIF1A	miR-1275
HIF1A	miR-128-1
HIF1A	miR-130a
HIF1A	miR-143
HIF1A	miR-145
HIF1A	miR-145
HIF1A	miR-145
HIF1A	miR-146a
HIF1A	miR-146a
HIF1A	miR-155
HIF1A	miR-181c
HIF1A	miR-182
HIF1A	miR-182
HIF1A	miR-183
HIF1A	miR-183
HIF1A	miR-185
HIF1A	miR-191
HIF1A	miR-191
HIF1A	miR-193a
HIF1A	miR-199a-1
HIF1A	miR-199a-2
HIF1A	miR-199a-2
HIF1A	miR-204
HIF1A	miR-205
HIF1A	miR-205
HIF1A	miR-20a
HIF1A	miR-21
HIF1A	miR-210
HIF1A	miR-210
HIF1A	miR-210
HIF1A	miR-210
HIF1A	miR-210
HIF1A	miR-210
HIF1A	miR-210
HIF1A	miR-210
HIF1A	miR-210
HIF1A	miR-210
HIF1A	miR-213
HIF1A	miR-214
HIF1A	miR-214
HIF1A	miR-218-2
HIF1A	miR-224
HIF1A	miR-224
HIF1A	miR-23a
HIF1A	miR-23b
HIF1A	miR-24
HIF1A	miR-24-2
HIF1A	miR-26
HIF1A	miR-26a-2
HIF1A	miR-27a
HIF1A	miR-27a
HIF1A	miR-27a
HIF1A	miR-29b-2
HIF1A	miR-29c
HIF1A	miR-301a
HIF1A	miR-302
HIF1A	miR-30b
HIF1A	miR-30d
HIF1A	miR-30d
HIF1A	miR-3120
HIF1A	miR-361
HIF1A	miR-372
HIF1A	miR-373
HIF1A	miR-376c
HIF1A	miR-382
HIF1A	miR-424
HIF1A	miR-429
HIF1A	miR-452
HIF1A	miR-454
HIF1A	miR-497
HIF1A	miR-602
HIF1A	miR-687
HIF1A	miR-96
HIF1A	miR-96
HLF	miR-132
HMGA1	miR-101-2
HMGA1	miR-196a-2
HMGA1	miR-222
HMGA1	miR-29a
HMGA1	miR-331
HNF1A	miR-122
HNF1A	miR-122
HNF1A	miR-192
HNF1A	miR-192
HNF1A	miR-192
HNF1A	miR-194
HNF1A	miR-194
HNF1A	miR-194
HNF1A	miR-194
HNF1A	miR-194-2
HNF1A	miR-194-2
HNF3A	miR-122
HNF3B	miR-122
HNF4A	miR-101-2
HNF4A	miR-1193
HNF4A	miR-1197
HNF4A	miR-122
HNF4A	miR-122
HNF4A	miR-122
HNF4A	miR-124
HNF4A	miR-124
HNF4A	miR-124-1
HNF4A	miR-134
HNF4A	miR-150
HNF4A	miR-154
HNF4A	miR-182
HNF4A	miR-183
HNF4A	miR-192
HNF4A	miR-192
HNF4A	miR-194
HNF4A	miR-194-2
HNF4A	miR-200a
HNF4A	miR-200b
HNF4A	miR-200c
HNF4A	miR-299
HNF4A	miR-323
HNF4A	miR-329-1
HNF4A	miR-329-2
HNF4A	miR-34a
HNF4A	miR-369
HNF4A	miR-376a
HNF4A	miR-376a-1
HNF4A	miR-376b
HNF4A	miR-376c
HNF4A	miR-377
HNF4A	miR-379
HNF4A	miR-380
HNF4A	miR-381
HNF4A	miR-382
HNF4A	miR-409
HNF4A	miR-410
HNF4A	miR-411
HNF4A	miR-412
HNF4A	miR-453
HNF4A	miR-485
HNF4A	miR-487a
HNF4A	miR-487b
HNF4A	miR-494
HNF4A	miR-495
HNF4A	miR-496
HNF4A	miR-539
HNF4A	miR-543
HNF4A	miR-544
HNF4A	miR-654
HNF4A	miR-655
HNF4A	miR-656
HNF4A	miR-668
HNF4A	miR-7-2
HNF4A	miR-758
HNF4A	miR-889
HNF4A	miR-96
HOXA10	let-7a
HOXA10	let-7c
HOXA10	miR-100
HOXA10	miR-125b-1
HOXA10	miR-125b-2
HOXA10	miR-99a
HOXA9	miR-196b
HOXA9	miR-21
HOXB7	miR-221
HOXB7	miR-222
HOXD10	miR-146a
HOXD10	miR-7
HSF1	miR-135b
HSF1	miR-432
HSF2	miR-182
HSF2	miR-183
HSF2	miR-96
IFNB1	miR-143
IFNB1	miR-145
IFNG	miR-143
IFNG	miR-145
IL4	miR-29a
IL1B	miR-146a
IL1B	miR-21
IL1B	miR-9
IL1B	miR-9
IL2	miR-182
IL4	miR-378
IL6	let-7a
IL6	let-7b
IL6	miR-146b
IL6	miR-148a
IL6	miR-152
IL6	miR-301a
IL6	miR-301b
IL6	miR-370
IL6	miR-519c
ILF2	miR-7-1
ILF3	miR-590
ILF3	miR-7-1
IRF1	miR-155
IRF1	miR-203
IRF1	miR-29b
IRF3	miR-155
IRF3	miR-576
IRF4	miR-155
ITGB3	miR-150
JAG1	miR-143
JAG1	miR-145
JMJD1C	miR-302a
JMJD1C	miR-302b
JMJD1C	miR-302c
JMJD1C	miR-302d
JMJD1C	miR-367
JUN	miR-106b
JUN	miR-127
JUN	miR-135b
JUN	miR-139
JUN	miR-141
JUN	miR-144
JUN	miR-146a
JUN	miR-184
JUN	miR-184
JUN	miR-18b
JUN	miR-200a
JUN	miR-200b
JUN	miR-200c
JUN	miR-203
JUN	miR-21
JUN	miR-221
JUN	miR-221
JUN	miR-221
JUN	miR-222
JUN	miR-222
JUN	miR-222
JUN	miR-224
JUN	miR-23a
JUN	miR-23b
JUN	miR-25
JUN	miR-31
JUN	miR-3188
JUN	miR-320b
JUN	miR-378
JUN	miR-429
JUN	miR-451
JUN	miR-451
JUN	miR-630
JUN	miR-93
JUNB	miR-135b
JUNB	miR-155
JUND	miR-29b-1
KAT2B	miR-141
KAT2B	miR-200c
KDM1A	miR-200c
KDM1A	miR-568
KDM2A	miR-101
KDM2B	let-7b
KDM2B	let-7b
KDM2B	miR-101
KDM2B	miR-101
KDM4A	miR-34a
KDM5B	let-7e
KDM5B	miR-125a
KDM5B	miR-141
KDM5B	miR-200a
KDM5B	miR-200b
KDM5B	miR-200c
KDM5B	miR-31
KDM5B	miR-429
KDM5B	miR-99b
KHSRP	let-7
KHSRP	let-7b
KHSRP	let-7c
KLF2	miR-126
KLF2	miR-126
KLF2	miR-143
KLF2	miR-145
KLF2	miR-150
KLF2	miR-150
KLF2	miR-23b
KLF2	miR-23b
KLF3	miR-182
KLF3	miR-23a
KLF3	miR-24-2
KLF3	miR-27a
KLF4	miR-1-2
KLF4	miR-134
KLF4	miR-143
KLF4	miR-145
KLF4	miR-150
KLF4	miR-15a
KLF4	miR-182
KLF4	miR-183
KLF4	miR-200a
KLF4	miR-200b
KLF4	miR-200c
KLF4	miR-203
KLF4	miR-206
KLF4	miR-21
KLF4	miR-31
KLF4	miR-429
KLF4	miR-544
KLF4	miR-96
KLF5	miR-141
KLF5	miR-200a
KLF5	miR-200b
KLF5	miR-200c
KLF5	miR-429
KLF8	miR-132
KLF8	miR-141
KLF9	miR-21
KMT2A	miR-146a
KMT2A	miR-155
KMT2A	miR-23a
KMT2A	miR-23b
KMT2A	miR-24-1
KMT2A	miR-24-2
KMT2A	miR-27a
KMT2A	miR-27b
LAMTOR5	miR-503
LEF1	miR-124-1
LEF1	miR-124-2
LEF1	miR-124-3
LEF1	miR-150
LEF1	miR-181a-2
LEF1	miR-182
LEF1	miR-183
LEF1	miR-30e
LEF1	miR-371
LEF1	miR-372
LEF1	miR-373
LEF1	miR-96
LIN28	let-7a
LIN28	let-7a
LIN28	let-7b
LIN28	let-7b
LIN28	let-7c
LIN28	let-7c
LIN28	let-7d
LIN28	let-7d
LIN28	let-7e
LIN28	let-7e
LIN28	let-7f
LIN28	let-7f
LIN28	let-7g
LIN28	let-7g
LIN28	let-7i
LIN28	let-7i
LIN28A	miR-107
LIN28A	miR-143
LIN28A	miR-150
LIN28A	miR-200c
LIN28A	miR-370
LIN28B	let-7a
LIN28B	let-7b
LIN28B	let-7c
LIN28B	let-7d
LIN28B	let-7e
LIN28B	let-7f
LIN28B	let-7g
LIN28B	let-7g
LIN28B	let-7i
LMO2	miR-142
LMX1A	miR-135a-2
LPS	miR-9-1
MAFB	miR-506
MAPK/MK2	miR-34c
MAPK14	miR-17
MAPK14	miR-18a
MAPK14	miR-19a
MAPK14	miR-19b
MAPK14	miR-20a
MAPK14	miR-92a
MAX	miR-106a
MAX	miR-106b
MAX	miR-15
MAX	miR-16
MAX	miR-17
MAX	miR-18a
MAX	miR-18b
MAX	miR-193a
MAX	miR-19a
MAX	miR-19b-1
MAX	miR-19b-2
MAX	miR-20a
MAX	miR-20b
MAX	miR-25
MAX	miR-363
MAX	miR-92a-1
MAX	miR-92a-2
MAX	miR-93
MBD2	miR-373
MECOM	miR-1-2
MECOM	miR-124
MECOM	miR-124
MECP2	miR-137
MECP2	miR-184
MEF2A	miR-1-1
MEF2A	miR-1-2
MEF2A	miR-23a
MEF2A	miR-24-2
MEF2A	miR-27a
MEF2A	miR-410
MEF2A	miR-424
MEF2A	miR-433
MEF2A	miR-503
MEF2A	miR-92b
MEF2C	miR-424
MEF2C	miR-503
MEF2D	miR-1244
MEIS1	miR-196b
MEIS1	miR-21
MEN1	miR-23a
MEN1	miR-23b
MEN1	miR-24-1
MEN1	miR-24-2
MEN1	miR-27a
MEN1	miR-27b
MITF	let-7a-1
MITF	let-7d
MITF	let-7f-1
MITF	let-7i
MITF	miR-106a
MITF	miR-125b-2
MITF	miR-146a
MITF	miR-148b
MITF	miR-18b
MITF	miR-19b-2
MITF	miR-204
MITF	miR-20b
MITF	miR-211
MITF	miR-221
MITF	miR-221
MITF	miR-222
MITF	miR-222
MITF	miR-29a
MITF	miR-29b-1
MITF	miR-363
MITF	miR-92a-2
MITF	miR-92b
MKL1	miR-143
MKL1	miR-143
MKL1	miR-145
MKL1	miR-145
MKL1	miR-199a-2
MKL1	miR-214
MKL1	miR-3120
MMP9	miR-211
MNT	miR-17
MNT	miR-18a
MNT	miR-19a
MNT	miR-19b-1
MNT	miR-20a
MNT	miR-92a-1
MRF4	miR-1
MRF4	miR-133a
MRF4	miR-206
MTA1	miR-22
MUC1	miR-141
MUC1	miR-200c
MXI1	miR-17
MXI1	miR-18a
MXI1	miR-19a
MXI1	miR-19b-1
MXI1	miR-20a
MXI1	miR-92a-1
MYB	miR-141
MYB	miR-143
MYB	miR-148a
MYB	miR-155
MYB	miR-155
MYB	miR-15a
MYB	miR-200a
MYB	miR-200b
MYB	miR-200c
MYB	miR-429
MYB	miR-486
MYC	let-7
MYC	let-7a
MYC	let-7a-1
MYC	let-7a-2
MYC	let-7b
MYC	let-7c
MYC	let-7d
MYC	let-7d
MYC	let-7e
MYC	let-7f
MYC	let-7f-1
MYC	let-7g
MYC	let-7i
MYC	miR-100
MYC	miR-101
MYC	miR-101-2
MYC	miR-106a
MYC	miR-106a
MYC	miR-106b
MYC	miR-106b
MYC	miR-122
MYC	miR-125b-1
MYC	miR-125b-1
MYC	miR-130a
MYC	miR-141
MYC	miR-141
MYC	miR-146a
MYC	miR-146a
MYC	miR-148a
MYC	miR-15
MYC	miR-150
MYC	miR-15a
MYC	miR-15a
MYC	miR-16
MYC	miR-16
MYC	miR-16-1
MYC	miR-16-1
MYC	miR-17
MYC	miR-17
MYC	miR-17
MYC	miR-17
MYC	miR-17
MYC	miR-184
MYC	miR-18a
MYC	miR-18a
MYC	miR-18b
MYC	miR-195
MYC	miR-196a-1
MYC	miR-19a
MYC	miR-19a
MYC	miR-19a
MYC	miR-19b
MYC	miR-19b
MYC	miR-19b
MYC	miR-200c
MYC	miR-20a
MYC	miR-20a
MYC	miR-20a
MYC	miR-20b
MYC	miR-22
MYC	miR-22
MYC	miR-221
MYC	miR-221
MYC	miR-222
MYC	miR-23a
MYC	miR-23a
MYC	miR-23a
MYC	miR-23b
MYC	miR-23b
MYC	miR-24-2
MYC	miR-24-2
MYC	miR-25
MYC	miR-26a
MYC	miR-26a
MYC	miR-26a
MYC	miR-26a
MYC	miR-26a
MYC	miR-26a
MYC	miR-26a-1
MYC	miR-26a-1
MYC	miR-26a-2
MYC	miR-26a-2
MYC	miR-26b
MYC	miR-26b
MYC	miR-26b
MYC	miR-27a
MYC	miR-27a
MYC	miR-28
MYC	miR-29a
MYC	miR-29a
MYC	miR-29b
MYC	miR-29b-1
MYC	miR-29b-1
MYC	miR-29b-1
MYC	miR-29b-2
MYC	miR-29c
MYC	miR-30a
MYC	miR-30b
MYC	miR-30d
MYC	miR-32
MYC	miR-34a
MYC	miR-34a
MYC	miR-371a
MYC	miR-371b
MYC	miR-372
MYC	miR-373
MYC	miR-451
MYC	miR-497
MYC	miR-548m
MYC	miR-7-1
MYC	miR-9
MYC	miR-9
MYC	miR-9-2
MYC	miR-92a
MYC	miR-92a
MYC	miR-93
MYC	miR-93
MYCN	miR-106a
MYCN	miR-106a
MYCN	miR-106b
MYCN	miR-124-1
MYCN	miR-124-3
MYCN	miR-1268a
MYCN	miR-1268b
MYCN	miR-1307
MYCN	miR-1307
MYCN	miR-17
MYCN	miR-17
MYCN	miR-181a-1
MYCN	miR-181a-2
MYCN	miR-181b-1
MYCN	miR-181b-2
MYCN	miR-181d
MYCN	miR-182
MYCN	miR-183
MYCN	miR-18a
MYCN	miR-18a
MYCN	miR-18a
MYCN	miR-18b
MYCN	miR-19a
MYCN	miR-19a
MYCN	miR-19a
MYCN	miR-19b
MYCN	miR-19b
MYCN	miR-19b-2
MYCN	miR-20a
MYCN	miR-20a
MYCN	miR-20b
MYCN	miR-2110
MYCN	miR-221
MYCN	miR-24-1
MYCN	miR-24-2
MYCN	miR-25
MYCN	miR-25
MYCN	miR-27a
MYCN	miR-27b
MYCN	miR-296
MYCN	miR-320a
MYCN	miR-330
MYCN	miR-335
MYCN	miR-33a
MYCN	miR-345
MYCN	miR-363
MYCN	miR-421
MYCN	miR-4295
MYCN	miR-7-1
MYCN	miR-7-2
MYCN	miR-760
MYCN	miR-887
MYCN	miR-9-3
MYCN	miR-92a
MYCN	miR-92a
MYCN	miR-92a-1
MYCN	miR-92a-2
MYCN	miR-92b
MYCN	miR-93
MYCN	miR-93
MYCN	miR-96
MYF5	miR-1
MYF5	miR-133a
MYF5	miR-206
MYOCD	miR-1-1
MYOCD	miR-1-2
MYOCD	miR-143
MYOCD	miR-143
MYOCD	miR-145
MYOCD	miR-145
MYOCD	miR-206
MYOD1	miR-1
MYOD1	miR-1-1
MYOD1	miR-1-1
MYOD1	miR-1-2
MYOD1	miR-1-2
MYOD1	miR-133a
MYOD1	miR-150
MYOD1	miR-182
MYOD1	miR-206
MYOD1	miR-206
MYOD1	miR-206
MYOD1	miR-22
MYOD1	miR-378
MYOG	miR-1
MYOG	miR-133a
MYOG	miR-133a-1
MYOG	miR-133a-2
MYOG	miR-133b
MYOG	miR-206
N1ICD	miR-143
N1ICD	miR-145
NAB2	miR-142
NANOG	miR-17
NANOG	miR-18a
NANOG	miR-19a
NANOG	miR-19b-1
NANOG	miR-20a
NANOG	miR-302
NANOG	miR-302a
NANOG	miR-302b
NANOG	miR-302c
NANOG	miR-302d
NANOG	miR-367
NANOG	miR-92a-1
NCOR1	miR-122
NCOR1	miR-200c
NCOR1	miR-30d
NCOR2	miR-122
NEUROD1	miR-7a-2
NEUROG3	miR-7a-2
NF-Y	miR-130b
NF-Y	miR-17
NF-Y	miR-181a
NF-Y	miR-181b
NF-Y	miR-21
NF-Y	miR-301b
NF1	miR-217
NFATC1	miR-125a
NFATC1	miR-374b
NFATC1	miR-9-1
NFATC3	miR-199b
NFATC3	miR-23a
NFATC3	miR-23a
NFATC3	miR-24-2
NFATC3	miR-26a-1
NFATC3	miR-26a-2
NFATC3	miR-26b
NFATC3	miR-27a
NFE2	miR-196b
NFE2	miR-423
NFE2L2	miR-1
NFE2L2	miR-106b
NFE2L2	miR-1207
NFE2L2	miR-125b-1
NFE2L2	miR-125b-1
NFE2L2	miR-125b-2
NFE2L2	miR-126
NFE2L2	miR-140
NFE2L2	miR-146a
NFE2L2	miR-181c
NFE2L2	miR-193b
NFE2L2	miR-200c
NFE2L2	miR-206
NFE2L2	miR-214
NFE2L2	miR-25
NFE2L2	miR-29a
NFE2L2	miR-29b
NFE2L2	miR-29b-1
NFE2L2	miR-29b-1
NFE2L2	miR-29b-1
NFE2L2	miR-29b-2
NFE2L2	miR-29c
NFE2L2	miR-32
NFE2L2	miR-365a
NFE2L2	miR-550a-1
NFE2L2	miR-592
NFE2L2	miR-617
NFE2L2	miR-93
NFIA	miR-223
NFIA	miR-223
NFIB	miR-21
NFKB1	let-7a-3
NFKB1	let-7b
NFKB1	miR-100
NFKB1	miR-10b
NFKB1	miR-125b
NFKB1	miR-125b-1
NFKB1	miR-127
NFKB1	miR-1276
NFKB1	miR-1286
NFKB1	miR-130a
NFKB1	miR-130a
NFKB1	miR-136
NFKB1	miR-146a
NFKB1	miR-146a
NFKB1	miR-146a
NFKB1	miR-146a
NFKB1	miR-146a
NFKB1	miR-146b
NFKB1	miR-148a
NFKB1	miR-150
NFKB1	miR-155
NFKB1	miR-155
NFKB1	miR-155
NFKB1	miR-155
NFKB1	miR-155
NFKB1	miR-16
NFKB1	miR-17
NFKB1	miR-1908
NFKB1	miR-1908
NFKB1	miR-199a-2
NFKB1	miR-200a
NFKB1	miR-200b
NFKB1	miR-21
NFKB1	miR-21
NFKB1	miR-21
NFKB1	miR-21
NFKB1	miR-21
NFKB1	miR-210
NFKB1	miR-210
NFKB1	miR-214
NFKB1	miR-219a-1
NFKB1	miR-224
NFKB1	miR-23b
NFKB1	miR-24-1
NFKB1	miR-2467
NFKB1	miR-27b
NFKB1	miR-2909
NFKB1	miR-29a
NFKB1	miR-29a
NFKB1	miR-29b
NFKB1	miR-29b-1
NFKB1	miR-29c
NFKB1	miR-301a
NFKB1	miR-30b
NFKB1	miR-30c
NFKB1	miR-30c-2
NFKB1	miR-3200
NFKB1	miR-340
NFKB1	miR-34a
NFKB1	miR-3620
NFKB1	miR-365
NFKB1	miR-365
NFKB1	miR-424
NFKB1	miR-425
NFKB1	miR-425
NFKB1	miR-429
NFKB1	miR-4454
NFKB1	miR-448
NFKB1	miR-4485
NFKB1	miR-449c
NFKB1	miR-494
NFKB1	miR-502
NFKB1	miR-503
NFKB1	miR-506
NFKB1	miR-509
NFKB1	miR-548d
NFKB1	miR-9
NFKB1	miR-9
NFKB1	miR-9
NFKB1	miR-9-1
NFKB2	miR-221
NFKB3	miR-155
NFYA	miR-33a
NKX2-1	miR-32
NKX2-1	miR-33a
NKX2-5	miR-143
NKX2-5	miR-145
NKX2-5	miR-17
NKX2-5	miR-18a
NKX2-5	miR-19a
NKX2-5	miR-19b
NKX2-5	miR-20a
NKX2-5	miR-92a
NOTCH1	miR-223
NOTCH3	miR-223
NR1H2	miR-143
NR1H2	miR-145
NR1H3	miR-130a
NR1H3	miR-206
NR1H3	miR-29b
NR1H4	miR-122
NR1H4	miR-144
NR1H4	miR-199a
NR1H4	miR-29a
NR1H4	miR-34a
NR1H4	miR-34a
NR1H4	miR-451
NR2E1	miR-137
NR3B3	miR-127
NR3B3	miR-433
NR3C2	miR-186
NR3C2	miR-338
NR3C2	miR-95
NR5A2	miR-200c
NSUN2	miR-125b-2
OGG1	miR-125b-2
OGG1	miR-133b
ONECUT1	miR-122
PAX4	miR-144
PAX4	miR-451
PAX5	miR-15a
PAX5	miR-16-1
PAX5	miR-648
PAX6	miR-135b
PAX8	miR-146b
PBX1	miR-196b
PBX1	miR-21
PBX2	miR-221
PBX2	miR-222
PCGF2	miR-205
PDGF	miR-221
PDGF	miR-24
PDGF-B	miR-29a
PDGFA	miR-1274b
PDGFA	miR-138
PDLIM7	miR-10b
PELP1	miR-141
PELP1	miR-200a
PELP1	miR-200b
PELP1	miR-200c
PELP1	miR-429
PIM1	miR-17
PIM1	miR-18a
PIM1	miR-19a
PIM1	miR-19b-1
PIM1	miR-20a
PIM1	miR-92a-1
PITX2	miR-1
PKM	miR-124
PKM	miR-205
PLK1	miR-141
PLK1	miR-200c
PLZF	miR-146a
POU2F1	let-7g
POU2F1	miR-451
POU2F1	miR-542
POU2F2	miR-198
POU5F1	miR-1246
POU5F1	miR-125b-1
POU5F1	miR-130a
POU5F1	miR-130b
POU5F1	miR-142
POU5F1	miR-145
POU5F1	miR-301a
POU5F1	miR-301b
POU5F1	miR-302
POU5F1	miR-302a
POU5F1	miR-302a
POU5F1	miR-302a
POU5F1	miR-302b
POU5F1	miR-302b
POU5F1	miR-302b
POU5F1	miR-302c
POU5F1	miR-302c
POU5F1	miR-302c
POU5F1	miR-302d
POU5F1	miR-302d
POU5F1	miR-302d
POU5F1	miR-367
POU5F1	miR-367
POU5F1	miR-454
PPARA	miR-107
PPARA	miR-199a-2
PPARA	miR-199a-2
PPARA	miR-200c
PPARA	miR-214
PPARA	miR-214
PPARA	miR-301a
PPARA	miR-454
PPARG	miR-122
PPARG	miR-122
PPARG	miR-125b
PPARG	miR-142
PPARG	miR-145
PPARG	miR-145
PPARG	miR-21
PPARG	miR-29b
PPARG	miR-613
PRDM1	let-7c
PRDM1	miR-101
PRDM1	miR-125b
PRDM1	miR-21
PRDM1	miR-222
PRDM1	miR-223
PRKCA	miR-15a
PRMT5	miR-96
PROX1	miR-9-2
PSMD9	miR-221
PSMD9	miR-222
PTEN	miR-19a
PTEN	miR-21
PTEN	miR-21
PTEN	miR-22
PTEN	miR-25
PTEN	miR-302a
PTEN	miR-302b
PTEN	miR-302c
PTEN	miR-302d
PTEN	miR-302f
PTPN1	miR-122
RARA	miR-143
RARA	miR-145
RARA	miR-302b
RAS/ERK	miR-21
RB1	miR-449a
RB1	miR-449b
RBBP5	miR-146a
RBBP5	miR-155
RBPJ	miR-221
RBPJ	miR-222
REL	miR-15b
REL	miR-21
RELA	let-7e
RELA	miR-100
RELA	miR-105
RELA	miR-125a
RELA	miR-125b-1
RELA	miR-130a
RELA	miR-130a
RELA	miR-132
RELA	miR-145
RELA	miR-146a
RELA	miR-146a
RELA	miR-146a
RELA	miR-146a
RELA	miR-146b
RELA	miR-150
RELA	miR-150
RELA	miR-155
RELA	miR-155
RELA	miR-155
RELA	miR-155
RELA	miR-17
RELA	miR-182
RELA	miR-182
RELA	miR-183
RELA	miR-188
RELA	miR-18a
RELA	miR-192
RELA	miR-193b
RELA	miR-199a
RELA	miR-19a
RELA	miR-19b-1
RELA	miR-200b
RELA	miR-205
RELA	miR-20a
RELA	miR-21
RELA	miR-21
RELA	miR-21
RELA	miR-21
RELA	miR-212
RELA	miR-22
RELA	miR-221
RELA	miR-222
RELA	miR-223
RELA	miR-224
RELA	miR-224
RELA	miR-224
RELA	miR-23a
RELA	miR-23b
RELA	miR-23b
RELA	miR-24-1
RELA	miR-24-1
RELA	miR-24-2
RELA	miR-27a
RELA	miR-27b
RELA	miR-27b
RELA	miR-29
RELA	miR-29c
RELA	miR-3074
RELA	miR-30b
RELA	miR-3151
RELA	miR-34a
RELA	miR-378a
RELA	miR-451
RELA	miR-503
RELA	miR-509
RELA	miR-7-1
RELA	miR-7-2
RELA	miR-7-3
RELA	miR-802
RELA	miR-92a-1
RELA	miR-96
RELA	miR-96
RELA	miR-99b
RELB	let-7b
RELB	miR-221
REPIN1	miR-15a
REPIN1	miR-16-1
REST	miR-124
REST	miR-124a
REST	miR-129
REST	miR-132
REST	miR-132
REST	miR-137
REST	miR-139
REST	miR-199a-1
REST	miR-199a-2
REST	miR-203
REST	miR-21
REST	miR-21
REST	miR-212
REST	miR-330
REST	miR-9-2
RPS6KA5	miR-181a
RREB1	miR-143
RREB1	miR-143
RREB1	miR-145
RREB1	miR-145
RREB1	miR-145
RUNX1	miR-106a
RUNX1	miR-144
RUNX1	miR-17
RUNX1	miR-181c
RUNX1	miR-181d
RUNX1	miR-18a
RUNX1	miR-18b
RUNX1	miR-19a
RUNX1	miR-19b-1
RUNX1	miR-19b-2
RUNX1	miR-20a
RUNX1	miR-20b
RUNX1	miR-221
RUNX1	miR-223
RUNX1	miR-223
RUNX1	miR-23a
RUNX1	miR-24-2
RUNX1	miR-27a
RUNX1	miR-27a
RUNX1	miR-27a
RUNX1	miR-363
RUNX1	miR-378
RUNX1	miR-451
RUNX1	miR-484
RUNX1	miR-92a-1
RUNX1	miR-92a-2
RUNX1T1	miR-221
RUNX1T1	miR-223
RUNX1T1	miR-223
RUNX2	miR-21
RUNX2	miR-23a
RUNX2	miR-24-2
RUNX2	miR-27a
RUNX2	miR-2861
RUNX2	miR-2861
RUNX2	miR-31
RUNX2	miR-3960
RUNX2	miR-3960
RUNX3	miR-146b
RUNX3	miR-185
RUNX3	miR-186
RUNX3	miR-30a
RUNX3	miR-6780a
RXRA	miR-122
RXRA	miR-143
RXRA	miR-145
RXRA	miR-193
RXRA	miR-193a
SHP	miR-127
SHP	miR-433
SIP1	miR-141
SIP1	miR-200a
SIP1	miR-200b
SIP1	miR-200c
SIP1	miR-429
SIRT1	miR-34a
SIRT1	miR-424
SIRT1	miR-503
SIRT6	miR-766
SIX1	miR-200a
SIX1	miR-200b
SIX1	miR-200c
SKIL	miR-1274a
SKIL	miR-1274b
SKIL	miR-720
SLUG	miR-1
SLUG	miR-200a
SLUG	miR-200b
SLUG	miR-200c
SMAD1	miR-302a
SMAD1	miR-302b
SMAD1	miR-302c
SMAD1	miR-302d
SMAD1	miR-367
SMAD2	miR-27a
SMAD2	miR-30d
SMAD2	miR-96
SMAD3	miR-136
SMAD3	miR-140
SMAD3	miR-143
SMAD3	miR-143
SMAD3	miR-145
SMAD3	miR-145
SMAD3	miR-155
SMAD3	miR-17
SMAD3	miR-181a-2
SMAD3	miR-181b-2
SMAD3	miR-18a
SMAD3	miR-192
SMAD3	miR-192
SMAD3	miR-19a
SMAD3	miR-19b-1
SMAD3	miR-200
SMAD3	miR-200a
SMAD3	miR-200b
SMAD3	miR-20a
SMAD3	miR-21
SMAD3	miR-26a
SMAD3	miR-27a
SMAD3	miR-29
SMAD3	miR-29b
SMAD3	miR-30d
SMAD3	miR-31
SMAD3	miR-424
SMAD3	miR-433
SMAD3	miR-450a
SMAD3	miR-450b
SMAD3	miR-451
SMAD3	miR-455
SMAD3	miR-494
SMAD3	miR-503
SMAD3	miR-92a-1
SMAD4	miR-143
SMAD4	miR-145
SMAD4	miR-155
SMAD4	miR-155
SMAD4	miR-155
SMAD4	miR-181a-2
SMAD4	miR-181b-2
SMAD4	miR-302a
SMAD4	miR-302b
SMAD4	miR-302c
SMAD4	miR-302d
SMAD4	miR-367
SMAD4	miR-376c
SMAD4	miR-424
SMAD4	miR-450a
SMAD4	miR-450b
SMAD4	miR-494
SMAD4	miR-503
SMAD4	miR-574
SMAD4	miR-96
SMARCA4	miR-550a
SMG-1	miR-155
SNAI1	miR-101
SNAI1	miR-128-2
SNAI1	miR-128-2
SNAI1	miR-128-2
SNAI1	miR-129
SNAI1	miR-141
SNAI1	miR-200a
SNAI1	miR-200b
SNAI1	miR-200c
SNAI1	miR-203
SNAI1	miR-203
SNAI1	miR-34a
SNAI1	miR-34b
SNAI1	miR-34c
SNAI1	miR-375
SNAI1	miR-429
SNAI1	miR-493
SNAI2	miR-101
SNAI2	miR-137
SNAI2	miR-141
SNAI2	miR-145
SNAI2	miR-200a
SNAI2	miR-200b
SNAI2	miR-200c
SNAI2	miR-203
SNAI2	miR-221
SNAI2	miR-222
SNAI2	miR-34a
SNAI2	miR-429
SNAI2	miR-675
SON	miR-23a
SON	miR-24-2
SON	miR-27a
SOX10	miR-335
SOX10	miR-338
SOX10	miR-338
SOX17	miR-371
SOX2	miR-124-2
SOX2	miR-1251
SOX2	miR-135b
SOX2	miR-137
SOX2	miR-141
SOX2	miR-181a-2
SOX2	miR-182
SOX2	miR-182
SOX2	miR-183
SOX2	miR-183
SOX2	miR-19b-2
SOX2	miR-200c
SOX2	miR-22
SOX2	miR-29b
SOX2	miR-301a
SOX2	miR-302
SOX2	miR-302a
SOX2	miR-302a
SOX2	miR-302b
SOX2	miR-302b
SOX2	miR-302c
SOX2	miR-302c
SOX2	miR-302d
SOX2	miR-302d
SOX2	miR-324
SOX2	miR-367
SOX2	miR-367
SOX2	miR-424
SOX2	miR-577
SOX2	miR-7-1
SOX2	miR-7-3
SOX2	miR-766
SOX2	miR-9-2
SOX2	miR-942
SOX2	miR-96
SOX4	miR-1269a
SOX4	miR-129-2
SOX4	miR-31
SOX9	miR-140
SOX9	miR-140
SOX9	miR-29a
SOX9	miR-574
SOX9	miR-675
SP1	miR-106a
SP1	miR-130a
SP1	miR-132
SP1	miR-141
SP1	miR-141
SP1	miR-142
SP1	miR-146b
SP1	miR-17
SP1	miR-182
SP1	miR-18a
SP1	miR-195
SP1	miR-19a
SP1	miR-19a
SP1	miR-19b-1
SP1	miR-200a
SP1	miR-200a
SP1	miR-200b
SP1	miR-200b
SP1	miR-200b
SP1	miR-200c
SP1	miR-20a
SP1	miR-22
SP1	miR-22
SP1	miR-23a
SP1	miR-23b
SP1	miR-24-2
SP1	miR-27a
SP1	miR-29b
SP1	miR-29c
SP1	miR-3151
SP1	miR-320a
SP1	miR-34c
SP1	miR-365
SP1	miR-373
SP1	miR-429
SP1	miR-429
SP1	miR-630
SP1	miR-92a-1
SP7	miR-93
SPI1	miR-142
SPI1	miR-146a
SPI1	miR-146a
SPI1	miR-146a
SPI1	miR-155
SPI1	miR-17
SPI1	miR-18a
SPI1	miR-199a-2
SPI1	miR-19a
SPI1	miR-19b-1
SPI1	miR-20a
SPI1	miR-21
SPI1	miR-22
SPI1	miR-223
SPI1	miR-23a
SPI1	miR-338
SPI1	miR-342
SPI1	miR-424
SPI1	miR-424
SPI1	miR-615
SPI1	miR-92a-1
SPLUNC1	miR-141
SPRR2A	miR-141
SPRR2A	miR-200c
SRC	miR-143
SRC	miR-145
SREBF1	miR-107
SREBF1	miR-185
SREBF1	miR-29b
SREBF1	miR-613
SREBF2	miR-17
SREBF2	miR-182
SREBF2	miR-183
SREBF2	miR-18a
SREBF2	miR-19a
SREBF2	miR-19b-1
SREBF2	miR-20a
SREBF2	miR-92a-1
SREBF2	miR-96
SRF	miR-1-1
SRF	miR-1-2
SRF	miR-143
SRF	miR-145
SRF	miR-199a-1
SRF	miR-199a-2
SRF	miR-199a-2
SRF	miR-206
SRF	miR-214
SRF	miR-29b
SRF	miR-3120
SRSF1	miR-221
SRSF1	miR-222
SRSF1	miR-7
SSTR2	miR-361
STAT1	let-7a
STAT1	miR-124
STAT1	miR-146b
STAT1	miR-155
STAT1	miR-29a
STAT1	miR-34a
STAT1	miR-7
STAT3	let-7d
STAT3	miR-1
STAT3	miR-124
STAT3	miR-125b
STAT3	miR-125b-2
STAT3	miR-135b
STAT3	miR-143
STAT3	miR-146a
STAT3	miR-146b
STAT3	miR-146b
STAT3	miR-146b
STAT3	miR-146b
STAT3	miR-150
STAT3	miR-155
STAT3	miR-155
STAT3	miR-155
STAT3	miR-15a
STAT3	miR-16-1
STAT3	miR-17
STAT3	miR-181a
STAT3	miR-181b
STAT3	miR-181b-1
STAT3	miR-182
STAT3	miR-182
STAT3	miR-183
STAT3	miR-184
STAT3	miR-18a
STAT3	miR-197
STAT3	miR-19a
STAT3	miR-19b-1
STAT3	miR-200c
STAT3	miR-204
STAT3	miR-204
STAT3	miR-204
STAT3	miR-20a
STAT3	miR-21
STAT3	miR-21
STAT3	miR-21
STAT3	miR-21
STAT3	miR-21
STAT3	miR-21
STAT3	miR-21
STAT3	miR-21
STAT3	miR-21
STAT3	miR-214
STAT3	miR-218
STAT3	miR-22
STAT3	miR-23b
STAT3	miR-24
STAT3	miR-24-1
STAT3	miR-26a-1
STAT3	miR-27b
STAT3	miR-29a
STAT3	miR-29b-1
STAT3	miR-29b-2
STAT3	miR-29c
STAT3	miR-30c-1
STAT3	miR-34a
STAT3	miR-34a
STAT3	miR-370
STAT3	miR-383
STAT3	miR-451
STAT3	miR-520d
STAT3	miR-629
STAT3	miR-92a-1
STAT3	miR-96
STAT4	miR-506
STAT5	miR-146b
STAT5	miR-155
STAT5	miR-15a
STAT5	miR-15b
STAT5	miR-16
STAT5	miR-17
STAT5	miR-182
STAT5	miR-183
STAT5	miR-18a
STAT5	miR-195
STAT5	miR-19a
STAT5	miR-19b-1
STAT5	miR-20a
STAT5	miR-22
STAT5	miR-92a-1
STAT5	miR-96
STAT6	miR-142
STAT6	miR-342
SUV39H1	miR-122
SUZ12	miR-217
SUZ12	miR-31
TAF15	miR-17
TAF15	miR-20a
TAL1	miR-144
TAL1	miR-146b
TAL1	miR-181a
TAL1	miR-223
TAL1	miR-223
TAL1	miR-26a
TAL1	miR-29c
TAL1	miR-451
TAL1	miR-620
TAZ	miR-106b
TAZ	miR-25
TAZ	miR-93
TBX1	miR-96
TCF3	miR-320a
TCF3	miR-451
TCF3	miR-495
TCF3	miR-709
TCF4	miR-125b-1
TCF4	miR-146a
TCF4	miR-181a-2
TCF4	miR-181b-2
TCF4	miR-21
TCF4	miR-34a
TCF7L2	miR-181a-2
TCF7L2	miR-181b-2
TCF7L2	miR-21
TEAD1	miR-106b
TEAD1	miR-25
TEAD1	miR-93
TEAD2	miR-130a
TFAP2A	miR-126
TFAP2A	miR-17
TFAP2A	miR-18a
TFAP2A	miR-19a
TFAP2A	miR-19b-1
TFAP2A	miR-20a
TFAP2A	miR-214
TFAP2A	miR-638
TFAP2A	miR-92a-1
TFAP2A	miR-944
TFAP2C	miR-944
TGFB1	let-7d
TGFB1	miR-122
TGFB1	miR-141
TGFB1	miR-143
TGFB1	miR-145
TGFB1	miR-146a
TGFB1	miR-155
TGFB1	miR-181b-1
TGFB1	miR-181b-2
TGFB1	miR-192
TGFB1	miR-194
TGFB1	miR-199a
TGFB1	miR-199a
TGFB1	miR-200a
TGFB1	miR-200b
TGFB1	miR-200c
TGFB1	miR-205
TGFB1	miR-21
TGFB1	miR-21
TGFB1	miR-215
TGFB1	miR-216a
TGFB1	miR-217
TGFB1	miR-224
TGFB1	miR-23a
TGFB1	miR-24
TGFB1	miR-24
TGFB1	miR-24
TGFB1	miR-27a
TGFB1	miR-29a
TGFB1	miR-421
TGFB1	miR-424
TGFB1	miR-429
TGFB1	miR-433
TGFB1	miR-503
TGFB1	miR-509
TH	miR-21
THRA	miR-181d
TLR2	miR-125a
TLR2	miR-146a
TLR2	miR-27a
TLR2	miR-9
TLR4	miR-187
TLR4	miR-27a
TLR4	miR-9
TLR7	miR-9
TLR8	miR-9
TLX	miR-9
TLX1	miR-17
TLX1	miR-18a
TLX1	miR-19a
TLX1	miR-19b
TLX1	miR-20a
TLX1	miR-92a
TLX3	miR-17
TLX3	miR-18a
TLX3	miR-19a
TLX3	miR-19b
TLX3	miR-20a
TLX3	miR-92a
TNF	let-7a-1
TNF	let-7d
TNF	let-7f-1
TNF	miR-146b
TNF	miR-17
TNF	miR-181a-1
TNF	miR-181b-1
TNF	miR-203
TNF	miR-31
TNF	miR-9
TNFSF12	miR-1-1
TNFSF12	miR-1-2
TNFSF12	miR-133a
TNFSF12	miR-133b
TNFSF12	miR-146a
TNFSF12	miR-206
TNFSF12	miR-455
TP53	miR-100
TP53	miR-106a
TP53	miR-107
TP53	miR-107
TP53	miR-10b
TP53	miR-1204
TP53	miR-1204
TP53	miR-1206
TP53	miR-124
TP53	miR-1246
TP53	miR-1246
TP53	miR-125a
TP53	miR-125b
TP53	miR-127
TP53	miR-1275
TP53	miR-1277
TP53	miR-1323
TP53	miR-139
TP53	miR-141
TP53	miR-142
TP53	miR-143
TP53	miR-145
TP53	miR-145
TP53	miR-145
TP53	miR-145
TP53	miR-146a
TP53	miR-148a
TP53	miR-148a
TP53	miR-149
TP53	miR-150
TP53	miR-151a
TP53	miR-155
TP53	miR-15a
TP53	miR-15b
TP53	miR-16-1
TP53	miR-16-2
TP53	miR-17
TP53	miR-184
TP53	miR-18a
TP53	miR-191
TP53	miR-192
TP53	miR-192
TP53	miR-192
TP53	miR-192
TP53	miR-192
TP53	miR-193b
TP53	miR-194
TP53	miR-196a-1
TP53	miR-198
TP53	miR-19a
TP53	miR-19b-1
TP53	miR-200a
TP53	miR-200b
TP53	miR-200c
TP53	miR-200c
TP53	miR-202
TP53	miR-205
TP53	miR-20a
TP53	miR-210
TP53	miR-215
TP53	miR-215
TP53	miR-22
TP53	miR-22
TP53	miR-221
TP53	miR-222
TP53	miR-224
TP53	miR-23b
TP53	miR-23b
TP53	miR-26a
TP53	miR-27a
TP53	miR-27b
TP53	miR-29
TP53	miR-29a
TP53	miR-300
TP53	miR-320
TP53	miR-34a
TP53	miR-34a
TP53	miR-34a
TP53	miR-34a
TP53	miR-34a
TP53	miR-34a
TP53	miR-34a
TP53	miR-34a
TP53	miR-34a
TP53	miR-34a
TP53	miR-34a
TP53	miR-34a
TP53	miR-34a
TP53	miR-34b
TP53	miR-34b
TP53	miR-34b
TP53	miR-34b
TP53	miR-34b
TP53	miR-34b
TP53	miR-34c
TP53	miR-34c
TP53	miR-34c
TP53	miR-34c
TP53	miR-34c
TP53	miR-34c
TP53	miR-34c
TP53	miR-34c
TP53	miR-365
TP53	miR-3661
TP53	miR-3662
TP53	miR-381
TP53	miR-429
TP53	miR-4521
TP53	miR-499
TP53	miR-502
TP53	miR-504
TP53	miR-506
TP53	miR-519d
TP53	miR-590
TP53	miR-605
TP53	miR-655
TP53	miR-7-1
TP53	miR-9-2
TP53	miR-92a-1
TP63	miR-1204
TP63	miR-1246
TP63	miR-130b
TP63	miR-133b
TP63	miR-138-2
TP63	miR-155
TP63	miR-155
TP63	miR-181a
TP63	miR-181a
TP63	miR-181b-1
TP63	miR-193a
TP63	miR-200a
TP63	miR-200b
TP63	miR-202
TP63	miR-205
TP63	miR-205
TP63	miR-34a
TP63	miR-374a
TP63	miR-429
TP63	miR-519a
TP63	miR-630
TP63	miR-944
TP73	miR-1204
TP73	miR-1246
TP73	miR-143
TP73	miR-145
TP73	miR-193a
TP73	miR-200a
TP73	miR-200a
TP73	miR-200b
TP73	miR-200b
TP73	miR-202
TP73	miR-205
TP73	miR-3158
TP73	miR-34a
TP73	miR-34a
TP73	miR-429
TP73	miR-429
TRIM32	let-7a
TRIM32	let-7b
TRIM32	let-7c
TRIM32	let-7d
TRIM32	let-7e
TRIM32	let-7f
TRIM32	let-7g
TRIM32	let-7i
TTF1	miR-32
TTF1	miR-33a
TUT4	let-7
TUT7	let-7
TWIST1	let-7i
TWIST1	miR-10a
TWIST1	miR-10b
TWIST1	miR-10b
TWIST1	miR-10b
TWIST1	miR-10b
TWIST1	miR-129
TWIST1	miR-141
TWIST1	miR-181a-1
TWIST1	miR-181b-1
TWIST1	miR-192
TWIST1	miR-199a
TWIST1	miR-199a-2
TWIST1	miR-199a-2
TWIST1	miR-200a
TWIST1	miR-200b
TWIST1	miR-200c
TWIST1	miR-205
TWIST1	miR-214
TWIST1	miR-214
TWIST1	miR-214
TWIST1	miR-223
TWIST1	miR-27a
TWIST1	miR-3120
TWIST1	miR-371a
TWIST1	miR-371b
TWIST1	miR-372
TWIST1	miR-372
TWIST1	miR-373
TWIST1	miR-373
TWIST1	miR-429
UBE2I	miR-200c
USF1	miR-132
USF1	miR-148a
USF1	miR-483
VDR	miR-145
VHL	miR-210
XBP1	miR-1274b
XBP1	miR-346
YAP1	miR-106b
YAP1	miR-130a
YAP1	miR-25
YAP1	miR-93
YBX1	miR-29b-2
YY1	let-7a-1
YY1	let-7a-2
YY1	let-7a-3
YY1	miR-1
YY1	miR-10a
YY1	miR-137
YY1	miR-155
YY1	miR-155
YY1	miR-2682
YY1	miR-29a
YY1	miR-29a
YY1	miR-29b
YY1	miR-29c
YY1	miR-31
YY1	miR-372
YY1	miR-9-1
YY1	miR-9-1
YY1	miR-9-2
YY1	miR-9-3
ZBTB16	miR-146a
ZBTB16	miR-221
ZBTB16	miR-222
ZBTB4	miR-31
ZBTB7A	miR-125
ZBTB7A	miR-21
ZBTB7A	miR-675
ZEB1	let-7
ZEB1	miR-100
ZEB1	miR-101-1
ZEB1	miR-103
ZEB1	miR-107
ZEB1	miR-128b
ZEB1	miR-141
ZEB1	miR-141
ZEB1	miR-141
ZEB1	miR-141
ZEB1	miR-145
ZEB1	miR-15b
ZEB1	miR-16
ZEB1	miR-182
ZEB1	miR-182
ZEB1	miR-183
ZEB1	miR-183
ZEB1	miR-183
ZEB1	miR-200a
ZEB1	miR-200a
ZEB1	miR-200a
ZEB1	miR-200b
ZEB1	miR-200b
ZEB1	miR-200b
ZEB1	miR-200c
ZEB1	miR-200c
ZEB1	miR-200c
ZEB1	miR-200c
ZEB1	miR-200c
ZEB1	miR-200c
ZEB1	miR-203
ZEB1	miR-203
ZEB1	miR-205
ZEB1	miR-335
ZEB1	miR-34a
ZEB1	miR-34a
ZEB1	miR-34b
ZEB1	miR-34c
ZEB1	miR-375
ZEB1	miR-429
ZEB1	miR-429
ZEB1	miR-96
ZEB1	miR-96
ZEB2	miR-103
ZEB2	miR-107
ZEB2	miR-128-2
ZEB2	miR-141
ZEB2	miR-145
ZEB2	miR-145
ZEB2	miR-15b
ZEB2	miR-16
ZEB2	miR-200a
ZEB2	miR-200a
ZEB2	miR-200b
ZEB2	miR-200b
ZEB2	miR-200c
ZEB2	miR-200c
ZEB2	miR-203
ZEB2	miR-335
ZEB2	miR-429
ZFP42	miR-302a
ZFP42	miR-302b
ZFP42	miR-302c
ZFP42	miR-302d
ZFP42	miR-367
ZIC1	miR-23a
ZIC1	miR-24-2
ZIC1	miR-27a
calcineurin	miR-133a
calcineurin	miR-133b
